WASHINGTON (Reuters) - The Trump administration put new requirements in place on Friday for the 38 countries participati,REAL,95.1,1,39:21.3
In the wake of yet another court decision that derailed Donald Trump s plan to bar Muslims from entering the United Stat,FAKE,99.31,0,39:50.9
"Donald Trump just couldn t wish all Americans a Happy New Year and leave it at that. Instead, he had to give a shout out",FAKE,97.82,0,31:13.0
"House Intelligence Committee Chairman Devin Nunes is going to have a bad day. He s been under the assumption, like many ",FAKE,87.1,0,54:10.7
"On Christmas day, Donald Trump announced that he would  be back to work  the following day, but he is golfing for the fo",FAKE,99.53,0,30:01.9
"We ve all heard the stories of Donald Trump preferring a well-done steak with ketchup and shunning any new delicacies, d",FAKE,99.68,0,50:12.5
"House Intelligence Committee Chairman Devin Nunes is going to have a bad day. He s been under the assumption, like many ",FAKE,87.1,0,54:41.4
"House Intelligence Committee Chairman Devin Nunes is going to have a bad day. He s been under the assumption, like many ",FAKE,87.1,0,55:51.7
"The number of cases of cops brutalizing and killing people of color seems to see no end. Now, we have another case that ",FAKE,99.77,0,34:44.4
Pope Francis used his annual Christmas Day message to rebuke Donald Trump without even mentioning his name. The Pope del,FAKE,70.41,0,55:42.9
" Fresh Off The Golf Course, Trump Lashes Out At FBI Deputy Director And James Comey
",FAKE,90.6,0,2026-06-10 11:37:11.812505
" Heiress To Disney Empire Knows GOP Scammed Us â€“ SHREDS Them For Tax Bill
",FAKE,97.47,0,2026-06-10 12:56:12.814230
